"","mean","se_mean","sd","2.5%","25%","50%","75%","97.5%","n_eff","Rhat"
"DN",2.04148512111776,0.0104251120775855,0.471706325779996,1.05716850635408,1.75160994517441,2.05903477523351,2.37027819949504,2.89562927537623,2047.30211648498,1.00104729375699
"K600",9.39102645942385,0.0621093818945901,2.54041541150069,4.8842838692288,7.55007248385315,9.19148649976447,11.0561986928047,14.6816288769139,1672.99661801923,1.00053623306584
"Nfix",-4.81501116813063,0.0108919930128731,0.486411521328105,-5.85105290381356,-5.1087599203093,-4.78227934440863,-4.48045015493279,-3.95622525271651,1994.31152195465,0.999694278136582
"sigma2",0.190109280277746,0.000657147281528348,0.0312427088589381,0.139226308584611,0.168222551455188,0.186581763348831,0.208451872508741,0.261210453312885,2260.33043224451,0.999959493231492
"logPost",26.7246122668931,0.0424828293664573,1.53198535651043,22.9115033636326,26.0190589469042,27.0696105041798,27.8391342671201,28.604331461757,1300.41617249643,0.999936642812571
